timeStep,maxpft,maxppr,maxpfv
0.0,0.0,0.0,0.0
0.1,2.1636200565518355,6.028651910635489e-08,1.736181429263009e-05
0.2,2.1636200565518355,2.3728493932972926e-05,0.0003444451620575685
0.30000000000000004,2.1636200565518355,0.011316142978633738,0.0075220153478418724
0.4,2.1636200565518355,4.945023947452717,0.15724223267705018
0.5,2.1636200565518355,218.9048098863635,1.0461950341269153
0.6,2.1636200565518355,1041.205957095523,2.2816725850738564
0.7,2.1636200565518355,2146.425127156405,3.2759923131445263
0.7999999999999999,2.1636200565518355,4226.002710876642,4.596739448172281
0.8999999999999999,2.1636200565518355,5751.540745301945,5.362620975466169
0.9999999999999999,2.1636200565518355,7423.837780957297,6.09255192056551
1.0999999999999999,2.1636200565518355,9256.532519106315,6.803136232321941
1.2,2.1636200565518355,11233.875169631357,7.494623129161118
1.3,2.1636200565518355,13358.348011242595,8.17262136992856
1.4000000000000001,2.233857017960318,15555.958523428895,8.819285266797104
1.5000000000000002,2.3384573527839687,17795.72973103988,9.432849445167637
1.6000000000000003,2.423346323516901,20109.85708279971,10.02742665961704
1.7000000000000004,2.5165862523389597,22716.42156778264,10.657490691476733
1.8000000000000005,2.621154696844068,25738.85965494721,11.344350941095575
1.9000000000000006,2.68716033666988,28831.66471633738,12.006595003650572
2.0000000000000004,2.745347447778581,31872.845664279233,12.623954543699694
2.1000000000000005,2.9423292003757195,34902.96890336931,13.210406674922863
2.2000000000000006,3.133687038774257,38140.555248892866,13.809517596370423
2.3000000000000007,3.306014865954907,41574.64729145571,14.417809696943518
2.400000000000001,3.453590420552938,44903.90736655475,14.983976002142214
2.500000000000001,3.5949555793480337,48172.60108280501,15.519761770530664
2.600000000000001,3.6393774630578863,51279.018222022845,16.012341837161554
2.700000000000001,3.6717601092470757,54252.58538379274,16.470061533551224
2.800000000000001,3.6950908516849013,57101.93571991775,16.89703165054705
2.9000000000000012,3.6961519225527826,60199.44161597061,17.349271110909907
3.0000000000000013,3.8254347940703424,63452.43214452019,17.811854499815592
3.1000000000000014,4.0362027233585,66516.13193918855,18.23679411782517
3.2000000000000015,4.135754286955035,69561.54707332545,18.649604161124365
3.3000000000000016,4.259671433479856,72381.3060831858,19.023841105726493
3.4000000000000017,4.423050173096899,75117.9947690571,19.38014380352441
3.5000000000000018,4.5416101974260865,77801.79753959943,19.723310769188757
3.600000000000002,4.676899206143114,80217.49529256424,20.027168458442176
3.700000000000002,4.884626995666152,82477.87486391167,20.307372412982392
3.800000000000002,5.085710543979227,84510.60816933103,20.556094980483408
3.900000000000002,5.333516006012354,86213.06352530728,20.762112552111272
4.000000000000002,5.634940818656406,87489.36564392615,20.91522957606803
4.100000000000001,5.842781111193125,88735.32075473962,21.063632254995767
4.200000000000001,6.074515188571347,90433.42570949993,21.264221795012855
4.300000000000001,6.322705631425476,92440.3503027976,21.49887791290485
4.4,6.487482506512847,94460.01120886065,21.732465484714414
4.5,6.62509375224618,96618.56395838245,21.97937259777704
4.6,6.7686186624261575,98912.96196646978,22.238813139022255
4.699999999999999,7.027362474131782,101530.3163798846,22.531124736670893
4.799999999999999,7.175058816106657,104159.42691164647,22.820980140174356
4.899999999999999,7.3672105797893765,106724.54715295903,23.100275664259836
4.999999999999998,7.48674921018333,109210.41579596272,23.367757251816307
5.099999999999998,7.604302936879446,111571.88048825417,23.619047449913616
5.1999999999999975,7.728997833767379,113917.482240039,23.86603048686972
5.299999999999997,7.836692054581697,116029.95860739626,24.08629886547498
5.399999999999997,7.96653742270583,118040.07665099994,24.29404007683777
5.4999999999999964,8.130584213428543,119849.57032206866,24.479539448493373
5.599999999999996,8.310175065513183,121669.62047248724,24.664713709314288
5.699999999999996,8.50765486199982,123688.30343909033,24.868484416937267
5.799999999999995,8.65553374979989,125940.95364004084,25.093918948625863
5.899999999999995,8.822306898284625,127991.30656916104,25.297362171693024
5.999999999999995,9.024787624651557,129963.94636713421,25.491561973242657
6.099999999999994,9.16409790836399,131790.04373773947,25.67002568539224
6.199999999999994,9.340757510790395,133477.7111289971,25.833864512398943
6.299999999999994,9.49212410579262,141386.6366282375,26.588215117626596
6.399999999999993,9.64888685960935,144668.12008169084,26.89499210649548
6.499999999999993,9.821505193427585,154129.99308745307,27.760582944838628
6.5999999999999925,10.000878772933289,164084.07321360375,28.642981096038497
6.699999999999992,10.13573051798253,164084.07321360375,28.642981096038497
6.799999999999992,10.27622083946331,164084.07321360375,28.642981096038497
6.8999999999999915,10.411412107719793,170511.4044973898,29.19857911760346
6.999999999999991,10.549076298688476,184556.5193919614,30.377336897098253
7.099999999999991,10.708262348861057,184556.5193919614,30.377336897098253
7.19999999999999,10.75978375994957,185184.18308553062,30.428948641509997
7.29999999999999,10.912072495982875,186221.50621215065,30.51405464799382
7.39999999999999,11.082654375936578,189484.8942258887,30.780261063373775
7.499999999999989,11.175447045774444,194409.57440353787,31.177682274628584
7.599999999999989,11.289309467817702,195721.64317315418,31.282714330213913
7.699999999999989,11.363901532213285,196464.22378464445,31.342002471495377
7.799999999999988,11.410241713939095,200154.66253663923,31.635001385857343
7.899999999999988,11.472104004643125,203496.66875464984,31.8980147309084
7.999999999999988,11.493442795857456,206257.54194318704,32.11366858077624
8.099999999999987,11.513662007873036,210362.14863100043,32.4316318299743
8.199999999999987,11.51468185924712,220694.0571240888,33.21852323057791
8.299999999999986,11.51468185924712,220694.0571240888,33.21852323057791
8.399999999999986,11.51468185924712,220694.0571240888,33.21852323057791
8.499999999999986,11.51468185924712,222506.42793973177,33.35464195128856
8.599999999999985,11.51468185924712,224590.8428246257,33.51050901020646
8.699999999999985,11.51468185924712,239025.8478490589,34.5706412906283
8.799999999999985,11.51468185924712,241479.93946476062,34.74765743649208
8.899999999999984,11.51468185924712,263920.29795784486,36.32631951890013
8.999999999999984,11.51468185924712,263920.29795784486,36.32631951890013
9.099999999999984,11.51468185924712,263920.29795784486,36.32631951890013
9.199999999999983,11.51468185924712,263920.29795784486,36.32631951890013
9.299999999999983,11.51468185924712,275094.673543591,37.087374775224454
9.399999999999983,11.51468185924712,281389.5003255185,37.509298868781755
9.499999999999982,11.51468185924712,299470.4878273765,38.69563850276776
9.599999999999982,11.51468185924712,299470.4878273765,38.69563850276776
9.699999999999982,11.51468185924712,299470.4878273765,38.69563850276776
9.799999999999981,11.51468185924712,299470.4878273765,38.69563850276776
9.89999999999998,11.51468185924712,299470.4878273765,38.69563850276776
9.99999999999998,11.51468185924712,299470.4878273765,38.69563850276776
10.09999999999998,11.51468185924712,299470.4878273765,38.69563850276776
10.19999999999998,11.51468185924712,299470.4878273765,38.69563850276776
10.29999999999998,11.51468185924712,299470.4878273765,38.69563850276776
10.399999999999979,11.51468185924712,299470.4878273765,38.69563850276776
10.499999999999979,11.51468185924712,299470.4878273765,38.69563850276776
10.599999999999978,11.51468185924712,299470.4878273765,38.69563850276776
10.699999999999978,11.51468185924712,299470.4878273765,38.69563850276776
10.799999999999978,11.51468185924712,300346.81615894614,38.75221388249619
10.899999999999977,11.51468185924712,302294.5677439161,38.87766503687664
10.999999999999977,11.51468185924712,306681.40813026525,39.15874156112944
11.099999999999977,11.51468185924712,308099.80909890373,39.249191654026696
11.199999999999976,11.51468185924712,309835.3625577952,39.35958349359119
11.299999999999976,11.51468185924712,311425.47426444787,39.46045325794218
11.399999999999975,11.51468185924712,312869.24516233394,39.551816972317084
11.499999999999975,11.51468185924712,317979.3276905001,39.87350797776013
11.599999999999975,11.51468185924712,321581.31630802795,40.09871047228501
11.699999999999974,11.51468185924712,325423.0314666809,40.33751550769339
11.799999999999974,11.51468185924712,325423.0314666809,40.33751550769339
11.899999999999974,11.51468185924712,327049.2182632911,40.438176162092866
11.999999999999973,11.51468185924712,330280.3184294937,40.63744076768945
12.099999999999973,11.677350498524598,333270.0304509076,40.82095236829413
12.199999999999973,11.838235483754174,336464.20062295464,41.01610663038087
12.299999999999972,11.921424807337761,340021.9659569644,41.232388116440966
12.399999999999972,12.069422408539344,342815.92048636253,41.40144444861571
12.499999999999972,12.123468622000967,345452.21065352875,41.56033028342826
12.599999999999971,12.143002028986194,348087.0126721509,41.71852182617158
12.69999999999997,12.214944805021352,350866.98182014114,41.88478135433807
12.79999999999997,12.229543528587826,353297.6597746461,42.0296121665812
12.89999999999997,12.229543528587826,355914.0729636871,42.184954246963876
12.99999999999997,12.229543528587826,358987.7507787992,42.366717525600166
13.09999999999997,12.229543528587826,362241.4239898421,42.558279099949644
13.199999999999969,12.229543528587826,365242.01024202415,42.734178957950284
13.299999999999969,12.229543528587826,368168.8852474533,42.905062944100976
13.399999999999968,12.229543528587826,371099.42227648495,43.07548155717385
13.499999999999968,12.229543528587826,374004.9954076297,43.24378541522641
13.599999999999968,12.229543528587826,376571.6184340417,43.391912750767375
13.699999999999967,12.229543528587826,378829.40823259385,43.521799608506186
13.799999999999967,12.229543528587826,380531.9813329374,43.61948998629726
13.899999999999967,12.337477462883152,382072.19319091324,43.70767628179936
13.999999999999966,12.389010647468076,383913.36161724344,43.81286121775451
14.099999999999966,12.415973193393194,385459.3693938395,43.9009891342917
14.199999999999966,12.482396339850384,387206.19543634943,44.00035201202085
14.299999999999965,12.699801310512697,389067.3788975426,44.1059734558451
14.399999999999965,12.932959028944964,389983.63896707847,44.15787806083296
14.499999999999964,13.162528750514209,391173.96124451613,44.225216858966114
14.599999999999964,13.301118386890796,392077.28997269005,44.27625153356425
14.699999999999964,13.434585525465854,392691.21331661526,44.31090234449166
14.799999999999963,13.539749021729033,393024.2059264369,44.32968564779345
14.899999999999963,13.582757629981048,393808.9861271973,44.37392174054471
14.999999999999963,13.62243396445347,393808.9861271973,44.37392174054471
15.099999999999962,13.62243396445347,393808.9861271973,44.37392174054471
15.199999999999962,13.658881494329957,393808.9861271973,44.37392174054471
15.299999999999962,13.690000055868925,393808.9861271973,44.37392174054471
15.399999999999961,13.717856532591071,393808.9861271973,44.37392174054471
15.499999999999961,13.790335384667962,393808.9861271973,44.37392174054471
15.59999999999996,13.833646825540091,393808.9861271973,44.37392174054471
15.69999999999996,13.904255929869892,393865.65751010703,44.377114457234995
15.79999999999996,13.97699831930466,398359.75102022046,44.62957265201071
15.89999999999996,14.070388563974198,403277.2319361059,44.90418866520727
15.99999999999996,14.185782505985514,406704.3301610467,45.09458560409701
16.09999999999996,14.388543827575292,409242.8885549119,45.235101887522696
16.19999999999996,14.730066428511389,413202.55335681856,45.45341314779444
16.29999999999996,15.115748451953761,416864.7086839421,45.65439237816785
16.399999999999963,15.544926422104036,424166.2526694397,46.05248379129185
16.499999999999964,15.97049548156059,431771.5418816245,46.46350943921609
16.599999999999966,16.4100725633777,437941.60369247635,46.794316091405605
16.699999999999967,16.780907932373417,442223.16599148663,47.02250344204818
16.79999999999997,17.29479766558456,445013.24964729376,47.17060788495807
16.89999999999997,17.70201805092296,446656.5140871481,47.25761917866515
16.99999999999997,17.942763030321142,451850.33793205395,47.53158623126594
17.099999999999973,18.14145382255405,456653.7681283555,47.78356245239337
17.199999999999974,18.507932619113472,462989.91590297443,48.11392292793087
17.299999999999976,18.760429190508766,471133.2561516858,48.535206610855475
17.399999999999977,19.09732881665319,493936.0504916763,49.69587762036587
17.49999999999998,19.414195413112914,505008.05168553063,50.24977869033508
17.59999999999998,19.699614693436835,511898.855834872,50.591444723138316
17.69999999999998,20.051473238273445,512020.4396009724,50.59745248532639
17.799999999999983,20.533025383145596,525288.4294694569,51.24882581432754
17.899999999999984,21.092253870751534,525288.4294694569,51.24882581432754
17.999999999999986,21.7092524638101,529481.911055723,51.45298392978404
18.099999999999987,22.385832106704246,540716.5815117117,51.995989341088205
18.19999999999999,23.006338486730858,553868.1682607575,52.6245269936347
18.29999999999999,23.628442732648427,553868.1682607575,52.6245269936347
18.39999999999999,24.076104372135283,553868.1682607575,52.6245269936347
18.499999999999993,24.368657299792304,553868.1682607575,52.6245269936347
18.599999999999994,24.564617574264826,553868.1682607575,52.6245269936347
18.699999999999996,24.890024034168842,560786.2585094833,52.95216041435341
18.799999999999997,25.1472372535834,560786.2585094833,52.95216041435341
18.9,25.538293037659688,560786.2585094833,52.95216041435341
19.0,26.14197575190822,569729.6579782501,53.372729833607444
19.1,26.626838424693652,571060.1666686193,53.43501504952624
19.200000000000003,27.003922559088114,575835.6679404972,53.657975546068506
19.300000000000004,27.406360665291306,586203.9126622825,54.13889141191767
19.400000000000006,27.703742228309956,597685.0238006342,54.66648990929609
19.500000000000007,27.989902874590282,607237.4257377662,55.10160731493076
19.60000000000001,28.152887270219267,616027.1270303616,55.49896967648866
19.70000000000001,28.33673511960634,626503.1986408861,55.96888415186094
19.80000000000001,28.567139815818585,631209.6256230932,56.17871597069006
19.900000000000013,28.712776812898145,637971.9745596267,56.47884447116578
20.000000000000014,28.99388082746197,647758.2468781013,56.91037896895879
20.100000000000016,29.197526400029787,654886.9752578571,57.22267798949369
20.200000000000017,29.49731235577117,659218.4891250397,57.411605495972665
20.30000000000002,29.686938241141647,663665.1251951216,57.604909738455525
20.40000000000002,29.97052057049568,666064.5022147578,57.70894654274837
20.50000000000002,30.16207620768399,667801.458957561,57.78414397382559
20.600000000000023,30.31471619344552,669030.1469571687,57.83727807206908
20.700000000000024,30.573250155359105,669878.1628762344,57.87392171247056
20.800000000000026,30.61146135907937,669878.1628762344,57.87392171247056
20.900000000000027,30.72209912768485,671885.1883035419,57.96055504839226
21.00000000000003,30.72209912768485,673014.8514824718,58.009260100542214
21.10000000000003,30.72209912768485,673014.8514824718,58.009260100542214
21.20000000000003,30.72209912768485,673014.8514824718,58.009260100542214
21.300000000000033,30.72209912768485,673014.8514824718,58.009260100542214
21.400000000000034,30.72209912768485,673014.8514824718,58.009260100542214
21.500000000000036,30.72209912768485,673442.2529613329,58.02767671384634
21.600000000000037,30.72209912768485,673485.3157885778,58.02953195522853
21.70000000000004,30.72209912768485,673485.3157885778,58.02953195522853
21.80000000000004,30.72209912768485,673485.3157885778,58.02953195522853
21.90000000000004,30.72209912768485,673485.3157885778,58.02953195522853
22.000000000000043,30.72209912768485,673485.3157885778,58.02953195522853
22.100000000000044,30.72209912768485,673485.3157885778,58.02953195522853
22.200000000000045,30.72209912768485,673485.3157885778,58.02953195522853
22.300000000000047,30.72209912768485,673485.3157885778,58.02953195522853
22.40000000000005,30.72209912768485,673485.3157885778,58.02953195522853
22.50000000000005,30.72209912768485,673485.3157885778,58.02953195522853
22.60000000000005,30.72209912768485,673485.3157885778,58.02953195522853
22.700000000000053,30.72209912768485,673485.3157885778,58.02953195522853
22.800000000000054,30.72209912768485,673485.3157885778,58.02953195522853
22.900000000000055,30.72209912768485,673485.3157885778,58.02953195522853
23.000000000000057,30.72209912768485,673485.3157885778,58.02953195522853
23.10000000000006,30.72209912768485,673485.3157885778,58.02953195522853
23.20000000000006,30.72209912768485,673485.3157885778,58.02953195522853
23.30000000000006,30.72209912768485,673485.3157885778,58.02953195522853
23.400000000000063,30.72209912768485,673485.3157885778,58.02953195522853
23.500000000000064,30.72209912768485,673485.3157885778,58.02953195522853
23.600000000000065,30.72209912768485,673485.3157885778,58.02953195522853
23.700000000000067,30.72209912768485,673485.3157885778,58.02953195522853
23.800000000000068,30.72209912768485,673485.3157885778,58.02953195522853
23.90000000000007,30.72209912768485,673485.3157885778,58.02953195522853
24.00000000000007,30.72209912768485,673485.3157885778,58.02953195522853
24.100000000000072,30.72209912768485,673485.3157885778,58.02953195522853
24.200000000000074,30.72209912768485,673485.3157885778,58.02953195522853
24.300000000000075,30.72209912768485,673485.3157885778,58.02953195522853
24.400000000000077,30.72209912768485,673485.3157885778,58.02953195522853
24.500000000000078,30.72209912768485,673485.3157885778,58.02953195522853
24.60000000000008,30.72209912768485,673485.3157885778,58.02953195522853
24.70000000000008,30.72209912768485,673485.3157885778,58.02953195522853
24.800000000000082,30.72209912768485,673485.3157885778,58.02953195522853
24.900000000000084,30.72209912768485,673485.3157885778,58.02953195522853
25.000000000000085,30.72209912768485,673485.3157885778,58.02953195522853
25.100000000000087,30.72209912768485,675919.6221276466,58.134310958660485
25.200000000000088,30.72209912768485,682612.8919966436,58.42143835941749
25.30000000000009,30.72209912768485,690022.465779177,58.73765682163262
25.40000000000009,30.72209912768485,697218.2748991598,59.04313147603029
25.500000000000092,30.72209912768485,703951.5913116704,59.32754804101002
25.600000000000094,30.72209912768485,709153.1138674801,59.54633128360974
25.700000000000095,30.72209912768485,713711.4283532081,59.737401531754294
25.800000000000097,30.72209912768485,716894.6788073638,59.870471804027225
25.900000000000098,30.72209912768485,720070.6294401739,60.002942821172276
26.0000000000001,30.72209912768485,722798.0050567315,60.116470499220576
26.1000000000001,30.72209912768485,725457.1208548676,60.22695081335546
26.200000000000102,30.72209912768485,727911.4969096308,60.328745093430825
26.300000000000104,30.72209912768485,730226.7466192489,60.42461198134618
26.400000000000105,30.72209912768485,732364.9531851895,60.5130131948984
26.500000000000107,30.72209912768485,733999.5517115431,60.58050642374753
26.600000000000108,30.72209912768485,735510.9787500267,60.642847012241546
26.70000000000011,30.72209912768485,736699.874608164,60.69183942706647
26.80000000000011,30.72209912768485,737484.240901539,60.7241402121734
26.900000000000112,30.72209912768485,737858.9508017447,60.739564980404026
27.000000000000114,30.72209912768485,738130.7918139021,60.75075274487972
27.100000000000115,30.72209912768485,738130.7918139021,60.75075274487972
27.200000000000117,30.72209912768485,738130.7918139021,60.75075274487972
27.300000000000118,30.72209912768485,738130.7918139021,60.75075274487972
27.40000000000012,30.72209912768485,738130.7918139021,60.75075274487972
27.50000000000012,30.72209912768485,738130.7918139021,60.75075274487972
27.600000000000122,30.72209912768485,738130.7918139021,60.75075274487972
27.700000000000124,30.72209912768485,738130.7918139021,60.75075274487972
27.800000000000125,30.72209912768485,738130.7918139021,60.75075274487972
27.900000000000126,30.72209912768485,738130.7918139021,60.75075274487972
28.000000000000128,30.72209912768485,738130.7918139021,60.75075274487972
28.10000000000013,30.72209912768485,738130.7918139021,60.75075274487972
28.20000000000013,30.72209912768485,738130.7918139021,60.75075274487972
28.300000000000132,30.72209912768485,738130.7918139021,60.75075274487972
28.400000000000134,30.72209912768485,738130.7918139021,60.75075274487972
28.500000000000135,30.72209912768485,738130.7918139021,60.75075274487972
28.600000000000136,30.72209912768485,738130.7918139021,60.75075274487972
28.700000000000138,30.72209912768485,738130.7918139021,60.75075274487972
28.80000000000014,30.72209912768485,738130.7918139021,60.75075274487972
28.90000000000014,30.72209912768485,738130.7918139021,60.75075274487972
29.000000000000142,30.72209912768485,738130.7918139021,60.75075274487972
29.100000000000144,30.72209912768485,738130.7918139021,60.75075274487972
29.200000000000145,30.72209912768485,738130.7918139021,60.75075274487972
29.300000000000146,30.72209912768485,738130.7918139021,60.75075274487972
29.400000000000148,30.72209912768485,738130.7918139021,60.75075274487972
29.50000000000015,30.72209912768485,738130.7918139021,60.75075274487972
29.60000000000015,30.72209912768485,738130.7918139021,60.75075274487972
29.700000000000152,30.72209912768485,738130.7918139021,60.75075274487972
29.800000000000153,30.72209912768485,738130.7918139021,60.75075274487972
29.900000000000155,30.72209912768485,738130.7918139021,60.75075274487972
30.000000000000156,30.72209912768485,738130.7918139021,60.75075274487972
30.100000000000158,30.72209912768485,738130.7918139021,60.75075274487972
30.20000000000016,30.72209912768485,738130.7918139021,60.75075274487972
30.30000000000016,30.72209912768485,738130.7918139021,60.75075274487972
30.400000000000162,30.72209912768485,738130.7918139021,60.75075274487972
30.500000000000163,30.72209912768485,738130.7918139021,60.75075274487972
30.600000000000165,30.72209912768485,738130.7918139021,60.75075274487972
30.700000000000166,30.72209912768485,738130.7918139021,60.75075274487972
30.800000000000168,30.72209912768485,738130.7918139021,60.75075274487972
30.90000000000017,30.72209912768485,738130.7918139021,60.75075274487972
31.00000000000017,30.72209912768485,738130.7918139021,60.75075274487972
31.100000000000172,30.72209912768485,738130.7918139021,60.75075274487972
31.200000000000173,30.72209912768485,738130.7918139021,60.75075274487972
31.300000000000175,30.72209912768485,738130.7918139021,60.75075274487972
31.400000000000176,30.72209912768485,738130.7918139021,60.75075274487972
31.500000000000178,30.72209912768485,738130.7918139021,60.75075274487972
31.60000000000018,30.72209912768485,738130.7918139021,60.75075274487972
31.70000000000018,30.72209912768485,738130.7918139021,60.75075274487972
31.800000000000182,30.72209912768485,738130.7918139021,60.75075274487972
31.900000000000183,30.72209912768485,738130.7918139021,60.75075274487972
32.000000000000185,30.72209912768485,738130.7918139021,60.75075274487972
32.100000000000186,30.72209912768485,738130.7918139021,60.75075274487972
32.20000000000019,30.72209912768485,738130.7918139021,60.75075274487972
32.30000000000019,30.72209912768485,738130.7918139021,60.75075274487972
32.40000000000019,30.72209912768485,738130.7918139021,60.75075274487972
32.50000000000019,30.72209912768485,738130.7918139021,60.75075274487972
32.60000000000019,30.72209912768485,738130.7918139021,60.75075274487972
32.700000000000195,30.72209912768485,738130.7918139021,60.75075274487972
32.800000000000196,30.72209912768485,738130.7918139021,60.75075274487972
32.9000000000002,30.72209912768485,738130.7918139021,60.75075274487972
33.0000000000002,30.72209912768485,738130.7918139021,60.75075274487972
33.1000000000002,30.72209912768485,738130.7918139021,60.75075274487972
33.2000000000002,30.72209912768485,738130.7918139021,60.75075274487972
33.3000000000002,30.72209912768485,738130.7918139021,60.75075274487972
33.400000000000205,30.72209912768485,738130.7918139021,60.75075274487972
33.500000000000206,30.72209912768485,738130.7918139021,60.75075274487972
33.60000000000021,30.72209912768485,738130.7918139021,60.75075274487972
33.70000000000021,30.72209912768485,738130.7918139021,60.75075274487972
33.80000000000021,30.72209912768485,738130.7918139021,60.75075274487972
33.90000000000021,30.72209912768485,738130.7918139021,60.75075274487972
34.00000000000021,30.72209912768485,738130.7918139021,60.75075274487972
34.100000000000215,30.72209912768485,738130.7918139021,60.75075274487972
34.200000000000216,30.72209912768485,738130.7918139021,60.75075274487972
34.30000000000022,30.72209912768485,738130.7918139021,60.75075274487972
34.40000000000022,30.72209912768485,738130.7918139021,60.75075274487972
34.50000000000022,30.72209912768485,738130.7918139021,60.75075274487972
34.60000000000022,30.72209912768485,738130.7918139021,60.75075274487972
34.70000000000022,30.72209912768485,738130.7918139021,60.75075274487972
34.800000000000225,30.72209912768485,738130.7918139021,60.75075274487972
34.900000000000226,30.72209912768485,738130.7918139021,60.75075274487972
35.00000000000023,30.72209912768485,738130.7918139021,60.75075274487972
35.10000000000023,30.72209912768485,738130.7918139021,60.75075274487972
35.20000000000023,30.72209912768485,738130.7918139021,60.75075274487972
35.30000000000023,30.72209912768485,738130.7918139021,60.75075274487972
35.40000000000023,30.72209912768485,738130.7918139021,60.75075274487972
35.500000000000234,30.72209912768485,738130.7918139021,60.75075274487972
35.600000000000236,30.72209912768485,738130.7918139021,60.75075274487972
35.70000000000024,30.72209912768485,738130.7918139021,60.75075274487972
35.80000000000024,30.72209912768485,738130.7918139021,60.75075274487972
35.90000000000024,30.72209912768485,738130.7918139021,60.75075274487972
36.00000000000024,30.72209912768485,738130.7918139021,60.75075274487972
36.10000000000024,30.72209912768485,738130.7918139021,60.75075274487972
36.200000000000244,30.72209912768485,738130.7918139021,60.75075274487972
36.300000000000246,30.72209912768485,738130.7918139021,60.75075274487972
36.40000000000025,30.72209912768485,738130.7918139021,60.75075274487972
36.50000000000025,30.72209912768485,738130.7918139021,60.75075274487972
36.60000000000025,30.72209912768485,738130.7918139021,60.75075274487972
36.70000000000025,30.72209912768485,738130.7918139021,60.75075274487972
36.80000000000025,30.72209912768485,738130.7918139021,60.75075274487972
36.900000000000254,30.72209912768485,738130.7918139021,60.75075274487972
37.000000000000256,30.72209912768485,738130.7918139021,60.75075274487972
37.10000000000026,30.72209912768485,738130.7918139021,60.75075274487972
37.20000000000026,30.72209912768485,738130.7918139021,60.75075274487972
37.30000000000026,30.72209912768485,738130.7918139021,60.75075274487972
37.40000000000026,30.72209912768485,738130.7918139021,60.75075274487972
37.50000000000026,30.72209912768485,738130.7918139021,60.75075274487972
37.600000000000264,30.72209912768485,738130.7918139021,60.75075274487972
37.700000000000266,30.72209912768485,738130.7918139021,60.75075274487972
37.80000000000027,30.72209912768485,738130.7918139021,60.75075274487972
37.90000000000027,30.72209912768485,738130.7918139021,60.75075274487972
38.00000000000027,30.72209912768485,738130.7918139021,60.75075274487972
38.10000000000027,30.72209912768485,738130.7918139021,60.75075274487972
38.20000000000027,30.72209912768485,738130.7918139021,60.75075274487972
38.300000000000274,30.72209912768485,738130.7918139021,60.75075274487972
38.400000000000276,30.72209912768485,738130.7918139021,60.75075274487972
38.50000000000028,30.72209912768485,738130.7918139021,60.75075274487972
38.60000000000028,30.72209912768485,738130.7918139021,60.75075274487972
38.70000000000028,30.72209912768485,738130.7918139021,60.75075274487972
38.80000000000028,30.72209912768485,738130.7918139021,60.75075274487972
38.90000000000028,30.72209912768485,738130.7918139021,60.75075274487972
39.000000000000284,30.72209912768485,738130.7918139021,60.75075274487972
39.100000000000286,30.72209912768485,738130.7918139021,60.75075274487972
39.20000000000029,30.72209912768485,738130.7918139021,60.75075274487972
39.30000000000029,30.72209912768485,738130.7918139021,60.75075274487972
39.40000000000029,30.72209912768485,738130.7918139021,60.75075274487972
39.50000000000029,30.72209912768485,738130.7918139021,60.75075274487972
39.60000000000029,30.72209912768485,738130.7918139021,60.75075274487972
39.700000000000294,30.72209912768485,738130.7918139021,60.75075274487972
39.800000000000296,30.72209912768485,738130.7918139021,60.75075274487972
39.9000000000003,30.72209912768485,738130.7918139021,60.75075274487972
40.0000000000003,30.72209912768485,738130.7918139021,60.75075274487972
40.1000000000003,30.72209912768485,738130.7918139021,60.75075274487972
40.2000000000003,30.72209912768485,738130.7918139021,60.75075274487972
40.3000000000003,30.72209912768485,738130.7918139021,60.75075274487972
40.400000000000304,30.72209912768485,738130.7918139021,60.75075274487972
40.500000000000306,30.72209912768485,738130.7918139021,60.75075274487972
40.60000000000031,30.72209912768485,738130.7918139021,60.75075274487972
40.70000000000031,30.72209912768485,738130.7918139021,60.75075274487972
40.80000000000031,30.72209912768485,738130.7918139021,60.75075274487972
40.90000000000031,30.72209912768485,738130.7918139021,60.75075274487972
41.00000000000031,30.72209912768485,738130.7918139021,60.75075274487972
41.100000000000314,30.72209912768485,738130.7918139021,60.75075274487972
41.200000000000315,30.72209912768485,738130.7918139021,60.75075274487972
41.30000000000032,30.72209912768485,738130.7918139021,60.75075274487972
41.40000000000032,30.72209912768485,738130.7918139021,60.75075274487972
41.50000000000032,30.72209912768485,738130.7918139021,60.75075274487972
41.60000000000032,30.72209912768485,738130.7918139021,60.75075274487972
41.70000000000032,30.72209912768485,738130.7918139021,60.75075274487972
41.800000000000324,30.72209912768485,738130.7918139021,60.75075274487972
41.900000000000325,30.72209912768485,738130.7918139021,60.75075274487972
42.00000000000033,30.72209912768485,738130.7918139021,60.75075274487972
42.10000000000033,30.72209912768485,738130.7918139021,60.75075274487972
42.20000000000033,30.72209912768485,738130.7918139021,60.75075274487972
42.30000000000033,30.72209912768485,738130.7918139021,60.75075274487972
42.40000000000033,30.72209912768485,738130.7918139021,60.75075274487972
42.500000000000334,30.72209912768485,738130.7918139021,60.75075274487972
42.600000000000335,30.72209912768485,738130.7918139021,60.75075274487972
42.70000000000034,30.72209912768485,738130.7918139021,60.75075274487972
42.80000000000034,30.72209912768485,738130.7918139021,60.75075274487972
42.90000000000034,30.72209912768485,738130.7918139021,60.75075274487972
43.00000000000034,30.72209912768485,738130.7918139021,60.75075274487972
43.10000000000034,30.72209912768485,738130.7918139021,60.75075274487972
43.200000000000344,30.72209912768485,738130.7918139021,60.75075274487972
43.300000000000345,30.72209912768485,738130.7918139021,60.75075274487972
43.40000000000035,30.72209912768485,738130.7918139021,60.75075274487972
43.50000000000035,30.72209912768485,738130.7918139021,60.75075274487972
43.60000000000035,30.72209912768485,738130.7918139021,60.75075274487972
43.70000000000035,30.72209912768485,738130.7918139021,60.75075274487972
43.80000000000035,30.72209912768485,738130.7918139021,60.75075274487972
43.900000000000354,30.72209912768485,738130.7918139021,60.75075274487972
44.000000000000355,30.72209912768485,738130.7918139021,60.75075274487972
44.10000000000036,30.72209912768485,738130.7918139021,60.75075274487972
44.20000000000036,30.72209912768485,738130.7918139021,60.75075274487972
44.30000000000036,30.72209912768485,738130.7918139021,60.75075274487972
44.40000000000036,30.72209912768485,738130.7918139021,60.75075274487972
44.50000000000036,30.72209912768485,738130.7918139021,60.75075274487972
44.600000000000364,30.72209912768485,738130.7918139021,60.75075274487972
44.700000000000365,30.72209912768485,738130.7918139021,60.75075274487972
44.80000000000037,30.72209912768485,738130.7918139021,60.75075274487972
44.90000000000037,30.72209912768485,738130.7918139021,60.75075274487972
45.00000000000037,30.72209912768485,738130.7918139021,60.75075274487972
45.10000000000037,30.72209912768485,738130.7918139021,60.75075274487972
45.20000000000037,30.72209912768485,738130.7918139021,60.75075274487972
45.300000000000374,30.72209912768485,738130.7918139021,60.75075274487972
45.400000000000375,30.72209912768485,738130.7918139021,60.75075274487972
45.50000000000038,30.72209912768485,738130.7918139021,60.75075274487972
45.60000000000038,30.72209912768485,738130.7918139021,60.75075274487972
45.70000000000038,30.72209912768485,738130.7918139021,60.75075274487972
45.80000000000038,30.72209912768485,738130.7918139021,60.75075274487972
45.90000000000038,30.72209912768485,738130.7918139021,60.75075274487972
46.000000000000384,30.72209912768485,738130.7918139021,60.75075274487972
46.100000000000385,30.72209912768485,738130.7918139021,60.75075274487972
46.20000000000039,30.72209912768485,738130.7918139021,60.75075274487972
46.30000000000039,30.72209912768485,738130.7918139021,60.75075274487972
46.40000000000039,30.72209912768485,738130.7918139021,60.75075274487972
46.50000000000039,30.72209912768485,738130.7918139021,60.75075274487972
46.60000000000039,30.72209912768485,738130.7918139021,60.75075274487972
46.700000000000394,30.72209912768485,738130.7918139021,60.75075274487972
46.800000000000395,30.72209912768485,738130.7918139021,60.75075274487972
46.9000000000004,30.72209912768485,738130.7918139021,60.75075274487972
47.0000000000004,30.72209912768485,738130.7918139021,60.75075274487972
47.1000000000004,30.72209912768485,738130.7918139021,60.75075274487972
47.2000000000004,30.72209912768485,738130.7918139021,60.75075274487972
47.3000000000004,30.72209912768485,738130.7918139021,60.75075274487972
47.400000000000404,30.72209912768485,738130.7918139021,60.75075274487972
47.500000000000405,30.72209912768485,738130.7918139021,60.75075274487972
47.600000000000406,30.72209912768485,738130.7918139021,60.75075274487972
47.70000000000041,30.72209912768485,738130.7918139021,60.75075274487972
47.80000000000041,30.72209912768485,738130.7918139021,60.75075274487972
47.90000000000041,30.72209912768485,738130.7918139021,60.75075274487972
48.00000000000041,30.72209912768485,738130.7918139021,60.75075274487972
48.10000000000041,30.72209912768485,738130.7918139021,60.75075274487972
48.200000000000415,30.72209912768485,738130.7918139021,60.75075274487972
48.300000000000416,30.72209912768485,738130.7918139021,60.75075274487972
48.40000000000042,30.72209912768485,738130.7918139021,60.75075274487972
48.50000000000042,30.72209912768485,738130.7918139021,60.75075274487972
48.60000000000042,30.72209912768485,738130.7918139021,60.75075274487972
48.70000000000042,30.72209912768485,738130.7918139021,60.75075274487972
48.80000000000042,30.72209912768485,738130.7918139021,60.75075274487972
48.900000000000425,30.72209912768485,738130.7918139021,60.75075274487972
49.000000000000426,30.72209912768485,738130.7918139021,60.75075274487972
49.10000000000043,30.72209912768485,738130.7918139021,60.75075274487972
49.20000000000043,30.72209912768485,738130.7918139021,60.75075274487972
49.30000000000043,30.72209912768485,738130.7918139021,60.75075274487972
49.40000000000043,30.72209912768485,738130.7918139021,60.75075274487972
49.50000000000043,30.72209912768485,738130.7918139021,60.75075274487972
49.600000000000435,30.72209912768485,738130.7918139021,60.75075274487972
49.700000000000436,30.72209912768485,738130.7918139021,60.75075274487972
49.80000000000044,30.72209912768485,738130.7918139021,60.75075274487972
49.90000000000044,30.72209912768485,738130.7918139021,60.75075274487972
50.00000000000044,30.72209912768485,738130.7918139021,60.75075274487972
50.10000000000044,30.72209912768485,738130.7918139021,60.75075274487972
50.20000000000044,30.72209912768485,738130.7918139021,60.75075274487972
50.300000000000445,30.72209912768485,738130.7918139021,60.75075274487972
50.400000000000446,30.72209912768485,738130.7918139021,60.75075274487972
50.50000000000045,30.72209912768485,738130.7918139021,60.75075274487972
50.60000000000045,30.72209912768485,738130.7918139021,60.75075274487972
50.70000000000045,30.72209912768485,738130.7918139021,60.75075274487972
50.80000000000045,30.72209912768485,738130.7918139021,60.75075274487972
50.90000000000045,30.72209912768485,738130.7918139021,60.75075274487972
51.000000000000455,30.72209912768485,738130.7918139021,60.75075274487972
51.100000000000456,30.72209912768485,738130.7918139021,60.75075274487972
51.20000000000046,30.72209912768485,738130.7918139021,60.75075274487972
51.30000000000046,30.72209912768485,738130.7918139021,60.75075274487972
51.40000000000046,30.72209912768485,738130.7918139021,60.75075274487972
51.50000000000046,30.72209912768485,738130.7918139021,60.75075274487972
51.60000000000046,30.72209912768485,738130.7918139021,60.75075274487972
51.700000000000465,30.72209912768485,738130.7918139021,60.75075274487972
51.800000000000466,30.72209912768485,738130.7918139021,60.75075274487972
51.90000000000047,30.72209912768485,738130.7918139021,60.75075274487972
52.00000000000047,30.72209912768485,738130.7918139021,60.75075274487972
52.10000000000047,30.72209912768485,738130.7918139021,60.75075274487972
52.20000000000047,30.72209912768485,738130.7918139021,60.75075274487972
52.30000000000047,30.72209912768485,738130.7918139021,60.75075274487972
52.400000000000475,30.72209912768485,738130.7918139021,60.75075274487972
52.500000000000476,30.72209912768485,738130.7918139021,60.75075274487972
52.60000000000048,30.72209912768485,738130.7918139021,60.75075274487972
52.70000000000048,30.72209912768485,738130.7918139021,60.75075274487972
52.80000000000048,30.72209912768485,738130.7918139021,60.75075274487972
52.90000000000048,30.72209912768485,738130.7918139021,60.75075274487972
53.00000000000048,30.72209912768485,738130.7918139021,60.75075274487972
53.100000000000485,30.72209912768485,738130.7918139021,60.75075274487972
53.200000000000486,30.72209912768485,738130.7918139021,60.75075274487972
53.30000000000049,30.72209912768485,738130.7918139021,60.75075274487972
53.40000000000049,30.72209912768485,738130.7918139021,60.75075274487972
53.50000000000049,30.72209912768485,738130.7918139021,60.75075274487972
53.60000000000049,30.72209912768485,738130.7918139021,60.75075274487972
53.70000000000049,30.72209912768485,738130.7918139021,60.75075274487972
53.800000000000495,30.72209912768485,738130.7918139021,60.75075274487972
53.900000000000496,30.72209912768485,738130.7918139021,60.75075274487972
54.0000000000005,30.72209912768485,738130.7918139021,60.75075274487972
54.1000000000005,30.72209912768485,738130.7918139021,60.75075274487972
54.2000000000005,30.72209912768485,738130.7918139021,60.75075274487972
54.3000000000005,30.72209912768485,738130.7918139021,60.75075274487972
54.4000000000005,30.72209912768485,738130.7918139021,60.75075274487972
54.500000000000504,30.72209912768485,738130.7918139021,60.75075274487972
54.600000000000506,30.72209912768485,738130.7918139021,60.75075274487972
54.70000000000051,30.72209912768485,738130.7918139021,60.75075274487972
54.80000000000051,30.72209912768485,738130.7918139021,60.75075274487972
54.90000000000051,30.72209912768485,738130.7918139021,60.75075274487972
55.00000000000051,30.72209912768485,738130.7918139021,60.75075274487972
55.10000000000051,30.72209912768485,738130.7918139021,60.75075274487972
55.200000000000514,30.72209912768485,738130.7918139021,60.75075274487972
55.300000000000516,30.72209912768485,738130.7918139021,60.75075274487972
55.40000000000052,30.72209912768485,738130.7918139021,60.75075274487972
55.50000000000052,30.72209912768485,738130.7918139021,60.75075274487972
55.60000000000052,30.72209912768485,738130.7918139021,60.75075274487972
55.70000000000052,30.72209912768485,738130.7918139021,60.75075274487972
55.80000000000052,30.72209912768485,738130.7918139021,60.75075274487972
55.900000000000524,30.72209912768485,738130.7918139021,60.75075274487972
56.000000000000526,30.72209912768485,738130.7918139021,60.75075274487972
56.10000000000053,30.72209912768485,738130.7918139021,60.75075274487972
56.20000000000053,30.72209912768485,738130.7918139021,60.75075274487972
56.30000000000053,30.72209912768485,738130.7918139021,60.75075274487972
56.40000000000053,30.72209912768485,738130.7918139021,60.75075274487972
56.50000000000053,30.72209912768485,738130.7918139021,60.75075274487972
56.600000000000534,30.72209912768485,738130.7918139021,60.75075274487972
56.700000000000536,30.72209912768485,738130.7918139021,60.75075274487972
56.80000000000054,30.72209912768485,738130.7918139021,60.75075274487972
56.90000000000054,30.72209912768485,738130.7918139021,60.75075274487972
57.00000000000054,30.72209912768485,738130.7918139021,60.75075274487972
57.10000000000054,30.72209912768485,738130.7918139021,60.75075274487972
57.20000000000054,30.72209912768485,738130.7918139021,60.75075274487972
57.300000000000544,30.72209912768485,738130.7918139021,60.75075274487972
57.400000000000546,30.72209912768485,738130.7918139021,60.75075274487972
57.50000000000055,30.72209912768485,738130.7918139021,60.75075274487972
57.60000000000055,30.72209912768485,738130.7918139021,60.75075274487972
57.70000000000055,30.72209912768485,738130.7918139021,60.75075274487972
57.80000000000055,30.72209912768485,738130.7918139021,60.75075274487972
57.90000000000055,30.72209912768485,738130.7918139021,60.75075274487972
58.000000000000554,30.72209912768485,738130.7918139021,60.75075274487972
58.100000000000556,30.72209912768485,738130.7918139021,60.75075274487972
58.20000000000056,30.72209912768485,738130.7918139021,60.75075274487972
58.30000000000056,30.72209912768485,738130.7918139021,60.75075274487972
58.40000000000056,30.72209912768485,738130.7918139021,60.75075274487972
58.50000000000056,30.72209912768485,738130.7918139021,60.75075274487972
58.60000000000056,30.72209912768485,738130.7918139021,60.75075274487972
58.700000000000564,30.72209912768485,738130.7918139021,60.75075274487972
58.800000000000566,30.72209912768485,738130.7918139021,60.75075274487972
58.90000000000057,30.72209912768485,738130.7918139021,60.75075274487972
59.00000000000057,30.72209912768485,738130.7918139021,60.75075274487972
59.10000000000057,30.72209912768485,738130.7918139021,60.75075274487972
59.20000000000057,30.72209912768485,738130.7918139021,60.75075274487972
59.30000000000057,30.72209912768485,738130.7918139021,60.75075274487972
59.400000000000574,30.72209912768485,738130.7918139021,60.75075274487972
59.500000000000576,30.72209912768485,738130.7918139021,60.75075274487972
59.60000000000058,30.72209912768485,738130.7918139021,60.75075274487972
59.70000000000058,30.72209912768485,738130.7918139021,60.75075274487972
59.80000000000058,30.72209912768485,738130.7918139021,60.75075274487972
59.90000000000058,30.72209912768485,738130.7918139021,60.75075274487972
60.00000000000058,30.72209912768485,738130.7918139021,60.75075274487972
60.100000000000584,30.72209912768485,738130.7918139021,60.75075274487972
60.200000000000585,30.72209912768485,738130.7918139021,60.75075274487972
60.30000000000059,30.72209912768485,738130.7918139021,60.75075274487972
60.40000000000059,30.72209912768485,738130.7918139021,60.75075274487972
60.50000000000059,30.72209912768485,738130.7918139021,60.75075274487972
60.60000000000059,30.72209912768485,738130.7918139021,60.75075274487972
60.70000000000059,30.72209912768485,738130.7918139021,60.75075274487972
60.800000000000594,30.72209912768485,738130.7918139021,60.75075274487972
60.900000000000595,30.72209912768485,738130.7918139021,60.75075274487972
61.0000000000006,30.72209912768485,738130.7918139021,60.75075274487972
61.1000000000006,30.72209912768485,738130.7918139021,60.75075274487972
61.2000000000006,30.72209912768485,738130.7918139021,60.75075274487972
61.3000000000006,30.72209912768485,738130.7918139021,60.75075274487972
61.4000000000006,30.72209912768485,738130.7918139021,60.75075274487972
61.500000000000604,30.72209912768485,738130.7918139021,60.75075274487972
61.600000000000605,30.72209912768485,738130.7918139021,60.75075274487972
61.70000000000061,30.72209912768485,738130.7918139021,60.75075274487972
61.80000000000061,30.72209912768485,738130.7918139021,60.75075274487972
61.90000000000061,30.72209912768485,738130.7918139021,60.75075274487972
62.00000000000061,30.72209912768485,738130.7918139021,60.75075274487972
62.10000000000061,30.72209912768485,738130.7918139021,60.75075274487972
62.200000000000614,30.72209912768485,738130.7918139021,60.75075274487972
62.300000000000615,30.72209912768485,738130.7918139021,60.75075274487972
62.40000000000062,30.72209912768485,738130.7918139021,60.75075274487972
62.50000000000062,30.72209912768485,738130.7918139021,60.75075274487972
62.60000000000062,30.72209912768485,738130.7918139021,60.75075274487972
62.70000000000062,30.72209912768485,738130.7918139021,60.75075274487972
62.80000000000062,30.72209912768485,738130.7918139021,60.75075274487972
62.900000000000624,30.72209912768485,738130.7918139021,60.75075274487972
63.000000000000625,30.72209912768485,738130.7918139021,60.75075274487972
63.10000000000063,30.72209912768485,738130.7918139021,60.75075274487972
63.20000000000063,30.72209912768485,738130.7918139021,60.75075274487972
63.30000000000063,30.72209912768485,738130.7918139021,60.75075274487972
63.40000000000063,30.72209912768485,738130.7918139021,60.75075274487972
63.50000000000063,30.72209912768485,738130.7918139021,60.75075274487972
63.600000000000634,30.72209912768485,738130.7918139021,60.75075274487972
63.700000000000635,30.72209912768485,738130.7918139021,60.75075274487972
63.80000000000064,30.72209912768485,738130.7918139021,60.75075274487972
63.90000000000064,30.72209912768485,738130.7918139021,60.75075274487972
64.00000000000064,30.72209912768485,738130.7918139021,60.75075274487972
64.10000000000063,30.72209912768485,738130.7918139021,60.75075274487972
64.20000000000063,30.72209912768485,738130.7918139021,60.75075274487972
64.30000000000062,30.72209912768485,738130.7918139021,60.75075274487972
64.40000000000062,30.72209912768485,738130.7918139021,60.75075274487972
64.50000000000061,30.72209912768485,738130.7918139021,60.75075274487972
64.6000000000006,30.72209912768485,738130.7918139021,60.75075274487972
64.7000000000006,30.72209912768485,738130.7918139021,60.75075274487972
64.8000000000006,30.72209912768485,738130.7918139021,60.75075274487972
64.90000000000059,30.72209912768485,738130.7918139021,60.75075274487972
65.00000000000058,30.72209912768485,738130.7918139021,60.75075274487972
65.10000000000058,30.72209912768485,738130.7918139021,60.75075274487972
65.20000000000057,30.72209912768485,738130.7918139021,60.75075274487972
65.30000000000057,30.72209912768485,738130.7918139021,60.75075274487972
65.40000000000056,30.72209912768485,738130.7918139021,60.75075274487972
65.50000000000055,30.72209912768485,738130.7918139021,60.75075274487972
65.60000000000055,30.72209912768485,738130.7918139021,60.75075274487972
65.70000000000054,30.72209912768485,738130.7918139021,60.75075274487972
65.80000000000054,30.72209912768485,738130.7918139021,60.75075274487972
65.90000000000053,30.72209912768485,738130.7918139021,60.75075274487972
66.00000000000053,30.72209912768485,738130.7918139021,60.75075274487972
66.10000000000052,30.72209912768485,738130.7918139021,60.75075274487972
66.20000000000051,30.72209912768485,738130.7918139021,60.75075274487972
66.30000000000051,30.72209912768485,738130.7918139021,60.75075274487972
66.4000000000005,30.72209912768485,738130.7918139021,60.75075274487972
66.5000000000005,30.72209912768485,738130.7918139021,60.75075274487972
66.60000000000049,30.72209912768485,738130.7918139021,60.75075274487972
66.70000000000049,30.72209912768485,738130.7918139021,60.75075274487972
66.80000000000048,30.72209912768485,738130.7918139021,60.75075274487972
66.90000000000047,30.72209912768485,738130.7918139021,60.75075274487972
67.00000000000047,30.72209912768485,738130.7918139021,60.75075274487972
67.10000000000046,30.72209912768485,738130.7918139021,60.75075274487972
67.20000000000046,30.72209912768485,738130.7918139021,60.75075274487972
67.30000000000045,30.72209912768485,738130.7918139021,60.75075274487972
67.40000000000045,30.72209912768485,738130.7918139021,60.75075274487972
67.50000000000044,30.72209912768485,738130.7918139021,60.75075274487972
67.60000000000043,30.72209912768485,738130.7918139021,60.75075274487972
67.70000000000043,30.72209912768485,738130.7918139021,60.75075274487972
67.80000000000042,30.72209912768485,738130.7918139021,60.75075274487972
67.90000000000042,30.72209912768485,738130.7918139021,60.75075274487972
68.00000000000041,30.72209912768485,738130.7918139021,60.75075274487972
68.1000000000004,30.72209912768485,738130.7918139021,60.75075274487972
68.2000000000004,30.72209912768485,738130.7918139021,60.75075274487972
68.3000000000004,30.72209912768485,738130.7918139021,60.75075274487972
68.40000000000039,30.72209912768485,738130.7918139021,60.75075274487972
68.50000000000038,30.72209912768485,738130.7918139021,60.75075274487972
68.60000000000038,30.72209912768485,738130.7918139021,60.75075274487972
68.70000000000037,30.72209912768485,738130.7918139021,60.75075274487972
68.80000000000037,30.72209912768485,738130.7918139021,60.75075274487972
68.90000000000036,30.72209912768485,738130.7918139021,60.75075274487972
69.00000000000036,30.72209912768485,738130.7918139021,60.75075274487972
69.10000000000035,30.72209912768485,738130.7918139021,60.75075274487972
69.20000000000034,30.72209912768485,738130.7918139021,60.75075274487972
69.30000000000034,30.72209912768485,738130.7918139021,60.75075274487972
69.40000000000033,30.72209912768485,738130.7918139021,60.75075274487972
69.50000000000033,30.72209912768485,738130.7918139021,60.75075274487972
69.60000000000032,30.72209912768485,738130.7918139021,60.75075274487972
69.70000000000032,30.72209912768485,738130.7918139021,60.75075274487972
69.80000000000031,30.72209912768485,738130.7918139021,60.75075274487972
69.9000000000003,30.72209912768485,738130.7918139021,60.75075274487972
70.0000000000003,30.72209912768485,738130.7918139021,60.75075274487972
70.10000000000029,30.72209912768485,738130.7918139021,60.75075274487972
70.20000000000029,30.72209912768485,738130.7918139021,60.75075274487972
70.30000000000028,30.72209912768485,738130.7918139021,60.75075274487972
70.40000000000028,30.72209912768485,738130.7918139021,60.75075274487972
70.50000000000027,30.72209912768485,738130.7918139021,60.75075274487972
70.60000000000026,30.72209912768485,738130.7918139021,60.75075274487972
70.70000000000026,30.72209912768485,738130.7918139021,60.75075274487972
70.80000000000025,30.72209912768485,738130.7918139021,60.75075274487972
70.90000000000025,30.72209912768485,738130.7918139021,60.75075274487972
71.00000000000024,30.72209912768485,738130.7918139021,60.75075274487972
71.10000000000024,30.72209912768485,738130.7918139021,60.75075274487972
71.20000000000023,30.72209912768485,738130.7918139021,60.75075274487972
71.30000000000022,30.72209912768485,738130.7918139021,60.75075274487972
71.40000000000022,30.72209912768485,738130.7918139021,60.75075274487972
71.50000000000021,30.72209912768485,738130.7918139021,60.75075274487972
71.60000000000021,30.72209912768485,738130.7918139021,60.75075274487972
71.7000000000002,30.72209912768485,738130.7918139021,60.75075274487972
71.8000000000002,30.72209912768485,738130.7918139021,60.75075274487972
71.90000000000019,30.72209912768485,738130.7918139021,60.75075274487972
72.00000000000018,30.72209912768485,738130.7918139021,60.75075274487972
72.10000000000018,30.72209912768485,738130.7918139021,60.75075274487972
72.20000000000017,30.72209912768485,738130.7918139021,60.75075274487972
72.30000000000017,30.72209912768485,738130.7918139021,60.75075274487972
72.40000000000016,30.72209912768485,738130.7918139021,60.75075274487972
72.50000000000016,30.72209912768485,738130.7918139021,60.75075274487972
72.60000000000015,30.72209912768485,738130.7918139021,60.75075274487972
72.70000000000014,30.72209912768485,738130.7918139021,60.75075274487972
72.80000000000014,30.72209912768485,738130.7918139021,60.75075274487972
72.90000000000013,30.72209912768485,738130.7918139021,60.75075274487972
73.00000000000013,30.72209912768485,738130.7918139021,60.75075274487972
73.10000000000012,30.72209912768485,738130.7918139021,60.75075274487972
73.20000000000012,30.72209912768485,738130.7918139021,60.75075274487972
73.30000000000011,30.72209912768485,738130.7918139021,60.75075274487972
73.4000000000001,30.72209912768485,738130.7918139021,60.75075274487972
73.5000000000001,30.72209912768485,738130.7918139021,60.75075274487972
73.6000000000001,30.72209912768485,738130.7918139021,60.75075274487972
73.70000000000009,30.72209912768485,738130.7918139021,60.75075274487972
73.80000000000008,30.72209912768485,738130.7918139021,60.75075274487972
73.90000000000008,30.72209912768485,738130.7918139021,60.75075274487972
74.00000000000007,30.72209912768485,738130.7918139021,60.75075274487972
74.10000000000007,30.72209912768485,738130.7918139021,60.75075274487972
74.20000000000006,30.72209912768485,738130.7918139021,60.75075274487972
74.30000000000005,30.72209912768485,738130.7918139021,60.75075274487972
74.40000000000005,30.72209912768485,738130.7918139021,60.75075274487972
74.50000000000004,30.72209912768485,738130.7918139021,60.75075274487972
74.60000000000004,30.72209912768485,738130.7918139021,60.75075274487972
74.70000000000003,30.72209912768485,738130.7918139021,60.75075274487972
74.80000000000003,30.72209912768485,738130.7918139021,60.75075274487972
74.90000000000002,30.72209912768485,738130.7918139021,60.75075274487972
75.00000000000001,30.72209912768485,738130.7918139021,60.75075274487972
75.10000000000001,30.72209912768485,738130.7918139021,60.75075274487972
75.2,30.72209912768485,738130.7918139021,60.75075274487972
75.3,30.72209912768485,738130.7918139021,60.75075274487972
75.39999999999999,30.72209912768485,738130.7918139021,60.75075274487972
75.49999999999999,30.72209912768485,738130.7918139021,60.75075274487972
75.59999999999998,30.72209912768485,738130.7918139021,60.75075274487972
75.69999999999997,30.72209912768485,738130.7918139021,60.75075274487972
75.79999999999997,30.72209912768485,738130.7918139021,60.75075274487972
75.89999999999996,30.72209912768485,738130.7918139021,60.75075274487972
75.99999999999996,30.72209912768485,738130.7918139021,60.75075274487972
76.09999999999995,30.72209912768485,738130.7918139021,60.75075274487972
76.19999999999995,30.72209912768485,738130.7918139021,60.75075274487972
76.29999999999994,30.72209912768485,738130.7918139021,60.75075274487972
76.39999999999993,30.72209912768485,738130.7918139021,60.75075274487972
76.49999999999993,30.72209912768485,738130.7918139021,60.75075274487972
76.59999999999992,30.72209912768485,738130.7918139021,60.75075274487972
76.69999999999992,30.72209912768485,738130.7918139021,60.75075274487972
76.79999999999991,30.72209912768485,738130.7918139021,60.75075274487972
76.8999999999999,30.72209912768485,738130.7918139021,60.75075274487972
76.9999999999999,30.72209912768485,738130.7918139021,60.75075274487972
77.0999999999999,30.72209912768485,738130.7918139021,60.75075274487972
77.19999999999989,30.72209912768485,738130.7918139021,60.75075274487972
77.29999999999988,30.72209912768485,738130.7918139021,60.75075274487972
77.39999999999988,30.72209912768485,738130.7918139021,60.75075274487972
77.49999999999987,30.72209912768485,738130.7918139021,60.75075274487972
77.59999999999987,30.72209912768485,738130.7918139021,60.75075274487972
77.69999999999986,30.72209912768485,738130.7918139021,60.75075274487972
77.79999999999986,30.72209912768485,738130.7918139021,60.75075274487972
77.89999999999985,30.72209912768485,738130.7918139021,60.75075274487972
77.99999999999984,30.72209912768485,738130.7918139021,60.75075274487972
78.09999999999984,30.72209912768485,738130.7918139021,60.75075274487972
78.19999999999983,30.72209912768485,738130.7918139021,60.75075274487972
78.29999999999983,30.72209912768485,738130.7918139021,60.75075274487972
78.39999999999982,30.72209912768485,738130.7918139021,60.75075274487972
78.49999999999982,30.72209912768485,738130.7918139021,60.75075274487972
78.59999999999981,30.72209912768485,738130.7918139021,60.75075274487972
78.6999999999998,30.72209912768485,738130.7918139021,60.75075274487972
78.7999999999998,30.72209912768485,738130.7918139021,60.75075274487972
78.89999999999979,30.72209912768485,738130.7918139021,60.75075274487972
78.99999999999979,30.72209912768485,738130.7918139021,60.75075274487972
79.09999999999978,30.72209912768485,738130.7918139021,60.75075274487972
79.19999999999978,30.72209912768485,738130.7918139021,60.75075274487972
79.29999999999977,30.72209912768485,738130.7918139021,60.75075274487972
79.39999999999976,30.72209912768485,738130.7918139021,60.75075274487972
79.49999999999976,30.72209912768485,738130.7918139021,60.75075274487972
79.59999999999975,30.72209912768485,738130.7918139021,60.75075274487972
79.69999999999975,30.72209912768485,738130.7918139021,60.75075274487972
79.79999999999974,30.72209912768485,738130.7918139021,60.75075274487972
79.89999999999974,30.72209912768485,738130.7918139021,60.75075274487972
79.99999999999973,30.72209912768485,738130.7918139021,60.75075274487972
80.09999999999972,30.72209912768485,738130.7918139021,60.75075274487972
80.19999999999972,30.72209912768485,738130.7918139021,60.75075274487972
80.29999999999971,30.72209912768485,738130.7918139021,60.75075274487972
80.39999999999971,30.72209912768485,738130.7918139021,60.75075274487972
80.4999999999997,30.72209912768485,738130.7918139021,60.75075274487972
80.5999999999997,30.72209912768485,738130.7918139021,60.75075274487972
80.69999999999969,30.72209912768485,738130.7918139021,60.75075274487972
80.79999999999968,30.72209912768485,738130.7918139021,60.75075274487972
80.89999999999968,30.72209912768485,738130.7918139021,60.75075274487972
80.99999999999967,30.72209912768485,738130.7918139021,60.75075274487972
81.09999999999967,30.72209912768485,738130.7918139021,60.75075274487972
81.19999999999966,30.72209912768485,738130.7918139021,60.75075274487972
81.29999999999966,30.72209912768485,738130.7918139021,60.75075274487972
81.39999999999965,30.72209912768485,738130.7918139021,60.75075274487972
81.49999999999964,30.72209912768485,738130.7918139021,60.75075274487972
81.59999999999964,30.72209912768485,738130.7918139021,60.75075274487972
81.69999999999963,30.72209912768485,738130.7918139021,60.75075274487972
81.79999999999963,30.72209912768485,738130.7918139021,60.75075274487972
81.89999999999962,30.72209912768485,738130.7918139021,60.75075274487972
81.99999999999962,30.72209912768485,738130.7918139021,60.75075274487972
82.09999999999961,30.72209912768485,738130.7918139021,60.75075274487972
82.1999999999996,30.72209912768485,738130.7918139021,60.75075274487972
82.2999999999996,30.72209912768485,738130.7918139021,60.75075274487972
82.3999999999996,30.72209912768485,738130.7918139021,60.75075274487972
82.49999999999959,30.72209912768485,738130.7918139021,60.75075274487972
82.59999999999958,30.72209912768485,738130.7918139021,60.75075274487972
82.69999999999958,30.72209912768485,738130.7918139021,60.75075274487972
82.79999999999957,30.72209912768485,738130.7918139021,60.75075274487972
82.89999999999957,30.72209912768485,738130.7918139021,60.75075274487972
82.99999999999956,30.72209912768485,738130.7918139021,60.75075274487972
83.09999999999955,30.72209912768485,738130.7918139021,60.75075274487972
83.19999999999955,30.72209912768485,738130.7918139021,60.75075274487972
83.29999999999954,30.72209912768485,738130.7918139021,60.75075274487972
83.39999999999954,30.72209912768485,738130.7918139021,60.75075274487972
83.49999999999953,30.72209912768485,738130.7918139021,60.75075274487972
83.59999999999953,30.72209912768485,738130.7918139021,60.75075274487972
83.69999999999952,30.72209912768485,738130.7918139021,60.75075274487972
83.79999999999951,30.72209912768485,738130.7918139021,60.75075274487972
83.89999999999951,30.72209912768485,738130.7918139021,60.75075274487972
83.9999999999995,30.72209912768485,738130.7918139021,60.75075274487972
84.0999999999995,30.72209912768485,738130.7918139021,60.75075274487972
84.19999999999949,30.72209912768485,738130.7918139021,60.75075274487972
84.29999999999949,30.72209912768485,738130.7918139021,60.75075274487972
84.39999999999948,30.72209912768485,738130.7918139021,60.75075274487972
84.49999999999947,30.72209912768485,738130.7918139021,60.75075274487972
84.59999999999947,30.72209912768485,738130.7918139021,60.75075274487972
84.69999999999946,30.72209912768485,738130.7918139021,60.75075274487972
84.79999999999946,30.72209912768485,738130.7918139021,60.75075274487972
84.89999999999945,30.72209912768485,738130.7918139021,60.75075274487972
84.99999999999945,30.72209912768485,738130.7918139021,60.75075274487972
85.09999999999944,30.72209912768485,738130.7918139021,60.75075274487972
85.19999999999943,30.72209912768485,738130.7918139021,60.75075274487972
85.29999999999943,30.72209912768485,738130.7918139021,60.75075274487972
85.39999999999942,30.72209912768485,738130.7918139021,60.75075274487972
85.49999999999942,30.72209912768485,738130.7918139021,60.75075274487972
85.59999999999941,30.72209912768485,738130.7918139021,60.75075274487972
85.6999999999994,30.72209912768485,738130.7918139021,60.75075274487972
85.7999999999994,30.72209912768485,738130.7918139021,60.75075274487972
85.8999999999994,30.72209912768485,738130.7918139021,60.75075274487972
85.99999999999939,30.72209912768485,738130.7918139021,60.75075274487972
86.09999999999938,30.72209912768485,738130.7918139021,60.75075274487972
86.19999999999938,30.72209912768485,738130.7918139021,60.75075274487972
86.29999999999937,30.72209912768485,738130.7918139021,60.75075274487972
86.39999999999937,30.72209912768485,738130.7918139021,60.75075274487972
86.49999999999936,30.72209912768485,738130.7918139021,60.75075274487972
86.59999999999935,30.72209912768485,738130.7918139021,60.75075274487972
86.69999999999935,30.72209912768485,738130.7918139021,60.75075274487972
86.79999999999934,30.72209912768485,738130.7918139021,60.75075274487972
86.89999999999934,30.72209912768485,738130.7918139021,60.75075274487972
86.99999999999933,30.72209912768485,738130.7918139021,60.75075274487972
87.09999999999933,30.72209912768485,738130.7918139021,60.75075274487972
87.19999999999932,30.72209912768485,738130.7918139021,60.75075274487972
87.29999999999932,30.72209912768485,738130.7918139021,60.75075274487972
87.39999999999931,30.72209912768485,738130.7918139021,60.75075274487972
87.4999999999993,30.72209912768485,738130.7918139021,60.75075274487972
87.5999999999993,30.72209912768485,738130.7918139021,60.75075274487972
87.69999999999929,30.72209912768485,738130.7918139021,60.75075274487972
87.79999999999929,30.72209912768485,738130.7918139021,60.75075274487972
87.89999999999928,30.72209912768485,738130.7918139021,60.75075274487972
87.99999999999928,30.72209912768485,738130.7918139021,60.75075274487972
88.09999999999927,30.72209912768485,738130.7918139021,60.75075274487972
88.19999999999926,30.72209912768485,738130.7918139021,60.75075274487972
88.29999999999926,30.72209912768485,738130.7918139021,60.75075274487972
88.39999999999925,30.72209912768485,738130.7918139021,60.75075274487972
88.49999999999925,30.72209912768485,738130.7918139021,60.75075274487972
88.59999999999924,30.72209912768485,738130.7918139021,60.75075274487972
88.69999999999924,30.72209912768485,738130.7918139021,60.75075274487972
88.79999999999923,30.72209912768485,738130.7918139021,60.75075274487972
88.89999999999922,30.72209912768485,738130.7918139021,60.75075274487972
88.99999999999922,30.72209912768485,738130.7918139021,60.75075274487972
89.09999999999921,30.72209912768485,738130.7918139021,60.75075274487972
89.1999999999992,30.72209912768485,738130.7918139021,60.75075274487972
89.2999999999992,30.72209912768485,738130.7918139021,60.75075274487972
89.3999999999992,30.72209912768485,738130.7918139021,60.75075274487972
89.49999999999919,30.72209912768485,738130.7918139021,60.75075274487972
89.59999999999918,30.72209912768485,738130.7918139021,60.75075274487972
89.69999999999918,30.72209912768485,738130.7918139021,60.75075274487972
89.79999999999917,30.72209912768485,738130.7918139021,60.75075274487972
89.89999999999917,30.72209912768485,738130.7918139021,60.75075274487972
89.99999999999916,30.72209912768485,738130.7918139021,60.75075274487972
90.09999999999916,30.72209912768485,738130.7918139021,60.75075274487972
90.19999999999915,30.72209912768485,738130.7918139021,60.75075274487972
90.29999999999914,30.72209912768485,738130.7918139021,60.75075274487972
90.39999999999914,30.72209912768485,738130.7918139021,60.75075274487972
90.49999999999913,30.72209912768485,738130.7918139021,60.75075274487972
90.59999999999913,30.72209912768485,738130.7918139021,60.75075274487972
90.69999999999912,30.72209912768485,738130.7918139021,60.75075274487972
90.79999999999912,30.72209912768485,738130.7918139021,60.75075274487972
90.89999999999911,30.72209912768485,738130.7918139021,60.75075274487972
90.9999999999991,30.72209912768485,738130.7918139021,60.75075274487972
91.0999999999991,30.72209912768485,738130.7918139021,60.75075274487972
91.1999999999991,30.72209912768485,738130.7918139021,60.75075274487972
91.29999999999909,30.72209912768485,738130.7918139021,60.75075274487972
91.39999999999908,30.72209912768485,738130.7918139021,60.75075274487972
91.49999999999908,30.72209912768485,738130.7918139021,60.75075274487972
91.59999999999907,30.72209912768485,738130.7918139021,60.75075274487972
91.69999999999906,30.72209912768485,738130.7918139021,60.75075274487972
91.79999999999906,30.72209912768485,738130.7918139021,60.75075274487972
91.89999999999905,30.72209912768485,738130.7918139021,60.75075274487972
91.99999999999905,30.72209912768485,738130.7918139021,60.75075274487972
92.09999999999904,30.72209912768485,738130.7918139021,60.75075274487972
92.19999999999904,30.72209912768485,738130.7918139021,60.75075274487972
92.29999999999903,30.72209912768485,738130.7918139021,60.75075274487972
92.39999999999903,30.72209912768485,738130.7918139021,60.75075274487972
92.49999999999902,30.72209912768485,738130.7918139021,60.75075274487972
92.59999999999901,30.72209912768485,738130.7918139021,60.75075274487972
92.69999999999901,30.72209912768485,738130.7918139021,60.75075274487972
92.799999999999,30.72209912768485,738130.7918139021,60.75075274487972
92.899999999999,30.72209912768485,738130.7918139021,60.75075274487972
92.99999999999899,30.72209912768485,738130.7918139021,60.75075274487972
93.09999999999899,30.72209912768485,738130.7918139021,60.75075274487972
93.19999999999898,30.72209912768485,738130.7918139021,60.75075274487972
93.29999999999897,30.72209912768485,738130.7918139021,60.75075274487972
93.39999999999897,30.72209912768485,738130.7918139021,60.75075274487972
93.49999999999896,30.72209912768485,738130.7918139021,60.75075274487972
93.59999999999896,30.72209912768485,738130.7918139021,60.75075274487972
93.69999999999895,30.72209912768485,738130.7918139021,60.75075274487972
93.79999999999895,30.72209912768485,738130.7918139021,60.75075274487972
93.89999999999894,30.72209912768485,738130.7918139021,60.75075274487972
93.99999999999893,30.72209912768485,738130.7918139021,60.75075274487972
94.09999999999893,30.72209912768485,738130.7918139021,60.75075274487972
94.19999999999892,30.72209912768485,738130.7918139021,60.75075274487972
94.29999999999892,30.72209912768485,738130.7918139021,60.75075274487972
94.39999999999891,30.72209912768485,738130.7918139021,60.75075274487972
94.4999999999989,30.72209912768485,738130.7918139021,60.75075274487972
94.5999999999989,30.72209912768485,738130.7918139021,60.75075274487972
94.6999999999989,30.72209912768485,738130.7918139021,60.75075274487972
94.79999999999889,30.72209912768485,738130.7918139021,60.75075274487972
94.89999999999888,30.72209912768485,738130.7918139021,60.75075274487972
94.99999999999888,30.72209912768485,738130.7918139021,60.75075274487972
95.09999999999887,30.72209912768485,738130.7918139021,60.75075274487972
95.19999999999887,30.72209912768485,738130.7918139021,60.75075274487972
95.29999999999886,30.72209912768485,738130.7918139021,60.75075274487972
95.39999999999885,30.72209912768485,738130.7918139021,60.75075274487972
95.49999999999885,30.72209912768485,738130.7918139021,60.75075274487972
95.59999999999884,30.72209912768485,738130.7918139021,60.75075274487972
95.69999999999884,30.72209912768485,738130.7918139021,60.75075274487972
95.79999999999883,30.72209912768485,738130.7918139021,60.75075274487972
95.89999999999883,30.72209912768485,738130.7918139021,60.75075274487972
95.99999999999882,30.72209912768485,738130.7918139021,60.75075274487972
96.09999999999881,30.72209912768485,738130.7918139021,60.75075274487972
96.19999999999881,30.72209912768485,738130.7918139021,60.75075274487972
96.2999999999988,30.72209912768485,738130.7918139021,60.75075274487972
96.3999999999988,30.72209912768485,738130.7918139021,60.75075274487972
96.49999999999879,30.72209912768485,738130.7918139021,60.75075274487972
96.59999999999879,30.72209912768485,738130.7918139021,60.75075274487972
96.69999999999878,30.72209912768485,738130.7918139021,60.75075274487972
96.79999999999878,30.72209912768485,738130.7918139021,60.75075274487972
96.89999999999877,30.72209912768485,738130.7918139021,60.75075274487972
96.99999999999876,30.72209912768485,738130.7918139021,60.75075274487972
97.09999999999876,30.72209912768485,738130.7918139021,60.75075274487972
97.19999999999875,30.72209912768485,738130.7918139021,60.75075274487972
97.29999999999875,30.72209912768485,738130.7918139021,60.75075274487972
97.39999999999874,30.72209912768485,738130.7918139021,60.75075274487972
97.49999999999874,30.72209912768485,738130.7918139021,60.75075274487972
97.59999999999873,30.72209912768485,738130.7918139021,60.75075274487972
97.69999999999872,30.72209912768485,738130.7918139021,60.75075274487972
97.79999999999872,30.72209912768485,738130.7918139021,60.75075274487972
97.89999999999871,30.72209912768485,738130.7918139021,60.75075274487972
97.9999999999987,30.72209912768485,738130.7918139021,60.75075274487972
98.0999999999987,30.72209912768485,738130.7918139021,60.75075274487972
98.1999999999987,30.72209912768485,738130.7918139021,60.75075274487972
98.29999999999869,30.72209912768485,738130.7918139021,60.75075274487972
98.39999999999868,30.72209912768485,738130.7918139021,60.75075274487972
98.49999999999868,30.72209912768485,738130.7918139021,60.75075274487972
98.59999999999867,30.72209912768485,738130.7918139021,60.75075274487972
98.69999999999867,30.72209912768485,738130.7918139021,60.75075274487972
98.79999999999866,30.72209912768485,738130.7918139021,60.75075274487972
98.89999999999866,30.72209912768485,738130.7918139021,60.75075274487972
98.99999999999865,30.72209912768485,738130.7918139021,60.75075274487972
99.09999999999864,30.72209912768485,738130.7918139021,60.75075274487972
99.19999999999864,30.72209912768485,738130.7918139021,60.75075274487972
99.29999999999863,30.72209912768485,738130.7918139021,60.75075274487972
99.39999999999863,30.72209912768485,738130.7918139021,60.75075274487972
99.49999999999862,30.72209912768485,738130.7918139021,60.75075274487972
99.59999999999862,30.72209912768485,738130.7918139021,60.75075274487972
99.69999999999861,30.72209912768485,738130.7918139021,60.75075274487972
99.7999999999986,30.72209912768485,738130.7918139021,60.75075274487972
99.8999999999986,30.72209912768485,738130.7918139021,60.75075274487972
99.9999999999986,30.72209912768485,738130.7918139021,60.75075274487972
100.09999999999859,30.72209912768485,738130.7918139021,60.75075274487972
100.19999999999858,30.72209912768485,738130.7918139021,60.75075274487972
100.29999999999858,30.72209912768485,738130.7918139021,60.75075274487972
100.39999999999857,30.72209912768485,738130.7918139021,60.75075274487972
100.49999999999856,30.72209912768485,738130.7918139021,60.75075274487972
100.59999999999856,30.72209912768485,738130.7918139021,60.75075274487972
100.69999999999855,30.72209912768485,738130.7918139021,60.75075274487972
100.79999999999855,30.72209912768485,738130.7918139021,60.75075274487972
100.89999999999854,30.72209912768485,738130.7918139021,60.75075274487972
100.99999999999854,30.72209912768485,738130.7918139021,60.75075274487972
